{
    "Simple": {
        "accuracy": 0.9856747984886169,
        "loss": 0.05117924138903618,
        "train_time": 50.645471811294556,
        "model_size": 636.0703125,
        "inference_time": 0.02996683120727539,
        "params": 648321
    },
    "CNN-1D": {
        "accuracy": 0.990449845790863,
        "loss": 0.059472762048244476,
        "train_time": 161.62669205665588,
        "model_size": 719.265625,
        "inference_time": 4.666075706481934,
        "params": 730369
    },
    "LSTM": {
        "accuracy": 0.9949735999107361,
        "loss": 0.025946056470274925,
        "train_time": 966.2545680999756,
        "model_size": 690.2890625,
        "inference_time": 19.28856372833252,
        "params": 693633
    },
    "GRU": {
        "accuracy": 0.9945966601371765,
        "loss": 0.019684744998812675,
        "train_time": 1451.0301673412323,
        "model_size": 679.4609375,
        "inference_time": 15.313870906829834,
        "params": 681473
    },
    "Multi-CNN": {
        "accuracy": 0.9898215532302856,
        "loss": 0.042782239615917206,
        "train_time": 464.4109160900116,
        "model_size": 742.484375,
        "inference_time": 5.6092047691345215,
        "params": 750913
    }
}