Model,accuracy,loss,train_time,model_size,inference_time,params,efficiency,overall_score
Simple,0.9856747984886169,0.05117924138903618,50.645471811294556,636.0703125,0.02996683120727539,648321.0,1.1677349582145262,0.6882674823794253
CNN-1D,0.990449845790863,0.059472762048244476,161.62669205665588,719.265625,4.666075706481934,730369.0,0.3676805482514022,0.609971668981118
LSTM,0.9949735999107361,0.025946056470274925,966.2545680999756,690.2890625,19.28856372833252,693633.0,0.06178332084062897,0.5713941874466203
GRU,0.9945966601371765,0.019684744998812675,1451.0301673412323,679.4609375,15.313870906829834,681473.0,0.041126505121238395,0.564979899291623
Multi-CNN,0.9898215532302856,0.042782239615917206,464.4109160900116,742.484375,5.6092047691345215,750913.0,0.12788091566371876,0.6249680427871762
