{
  "FastText": {
    "model_name": "FastText",
    "val_accuracy": 0.9572756974114099,
    "val_precision": 0.9721254355400697,
    "val_recall": 0.9320712694877505,
    "val_f1": 0.9516770892552585,
    "test_accuracy": 0.9579039959788892,
    "test_precision": 0.9662181505868881,
    "test_recall": 0.9395879732739421,
    "test_f1": 0.9527170077628793,
    "training_time_seconds": 21.693949699401855,
    "model_size_mb": 12.571281433105469,
    "total_params": 1095041,
    "epochs_trained": 5,
    "best_val_f1": 0.9516770892552585,
    "best_val_accuracy": 0.9572756886482239,
    "final_learning_rate": 0.0010000000474974513
  },
  "LSTM": {
    "model_name": "LSTM",
    "val_accuracy": 0.9716009047499372,
    "val_precision": 0.9794871794871794,
    "val_recall": 0.9571269487750557,
    "val_f1": 0.9681779780343565,
    "test_accuracy": 0.9685850716260367,
    "test_precision": 0.9774285714285714,
    "test_recall": 0.9523942093541202,
    "test_f1": 0.9647490129723633,
    "training_time_seconds": 1043.6888890266418,
    "model_size_mb": 13.184593200683594,
    "total_params": 1147585,
    "epochs_trained": 5,
    "best_val_f1": 0.9681779780343565,
    "best_val_accuracy": 0.9716008901596069,
    "final_learning_rate": 0.0010000000474974513
  },
  "GRU": {
    "model_name": "GRU",
    "val_accuracy": 0.9708469464689621,
    "val_precision": 0.9666666666666667,
    "val_recall": 0.9688195991091314,
    "val_f1": 0.967741935483871,
    "test_accuracy": 0.9680824327720533,
    "test_precision": 0.9620708748615725,
    "test_recall": 0.9674276169265034,
    "test_f1": 0.964741810105497,
    "training_time_seconds": 1030.3578507900238,
    "model_size_mb": 13.011741638183594,
    "total_params": 1132417,
    "epochs_trained": 5,
    "best_val_f1": 0.967741935483871,
    "best_val_accuracy": 0.970846951007843,
    "final_learning_rate": 0.0010000000474974513
  },
  "CNN1D": {
    "model_name": "CNN1D",
    "val_accuracy": 0.974365418446846,
    "val_precision": 0.9689922480620154,
    "val_recall": 0.9743875278396437,
    "val_f1": 0.971682398667407,
    "test_accuracy": 0.9670771550640864,
    "test_precision": 0.9589305402425579,
    "test_recall": 0.9685412026726058,
    "test_f1": 0.9637119113573407,
    "training_time_seconds": 102.63156151771545,
    "model_size_mb": 13.782035827636719,
    "total_params": 1199713,
    "epochs_trained": 5,
    "best_val_f1": 0.971682398667407,
    "best_val_accuracy": 0.9743654131889343,
    "final_learning_rate": 0.0010000000474974513
  },
  "Hybrid_CNN_GRU": {
    "model_name": "Hybrid_CNN_GRU",
    "val_accuracy": 0.9721035436039206,
    "val_precision": 0.9828080229226361,
    "val_recall": 0.9548997772828508,
    "val_f1": 0.9686529229031349,
    "test_accuracy": 0.9692133701935159,
    "test_precision": 0.9763734699686877,
    "test_recall": 0.9548997772828508,
    "test_f1": 0.9655172413793104,
    "training_time_seconds": 236.97235941886902,
    "model_size_mb": 12.906723022460938,
    "total_params": 1122913,
    "epochs_trained": 5,
    "best_val_f1": 0.9686529229031349,
    "best_val_accuracy": 0.9721035361289978,
    "final_learning_rate": 0.0010000000474974513
  }
}