{
  "FastText": {
    "model_name": "FastText",
    "val_accuracy": 0.9527519477255592,
    "val_precision": 0.9636678200692042,
    "val_recall": 0.9304008908685969,
    "val_f1": 0.9467422096317281,
    "test_accuracy": 0.9522493088715758,
    "test_precision": 0.95625,
    "test_recall": 0.9370824053452116,
    "test_f1": 0.9465691788526435,
    "training_time_seconds": 41.948662519454956,
    "model_size_mb": 12.571281433105469,
    "total_params": 1095041,
    "epochs_trained": 5,
    "best_val_f1": 0.9467422096317281,
    "best_val_accuracy": 0.9527519345283508,
    "final_learning_rate": 0.0010000000474974513
  },
  "LSTM": {
    "model_name": "LSTM",
    "val_accuracy": 0.9509927117366173,
    "val_precision": 0.9608520437535981,
    "val_recall": 0.9292873051224945,
    "val_f1": 0.9448061137843193,
    "test_accuracy": 0.9530032671525509,
    "test_precision": 0.9701928696668615,
    "test_recall": 0.9242761692650334,
    "test_f1": 0.9466780724265753,
    "training_time_seconds": 440.7886121273041,
    "model_size_mb": 13.184593200683594,
    "total_params": 1147585,
    "epochs_trained": 5,
    "best_val_f1": 0.9448061137843193,
    "best_val_accuracy": 0.9509927034378052,
    "final_learning_rate": 0.0010000000474974513
  },
  "GRU": {
    "model_name": "GRU",
    "val_accuracy": 0.972606182457904,
    "val_precision": 0.9647382920110192,
    "val_recall": 0.9749443207126949,
    "val_f1": 0.9698144558294101,
    "test_accuracy": 0.9660718773561197,
    "test_precision": 0.9523420479302832,
    "test_recall": 0.9735523385300668,
    "test_f1": 0.9628303964757711,
    "training_time_seconds": 380.0537419319153,
    "model_size_mb": 13.011741638183594,
    "total_params": 1132417,
    "epochs_trained": 5,
    "best_val_f1": 0.9698144558294101,
    "best_val_accuracy": 0.9726061820983887,
    "final_learning_rate": 0.0010000000474974513
  },
  "CNN1D": {
    "model_name": "CNN1D",
    "val_accuracy": 0.9738627795928625,
    "val_precision": 0.9747474747474747,
    "val_recall": 0.9671492204899778,
    "val_f1": 0.9709334823923981,
    "test_accuracy": 0.9658205579291279,
    "test_precision": 0.9608550805108274,
    "test_recall": 0.9635300668151447,
    "test_f1": 0.9621907144842925,
    "training_time_seconds": 53.551673412323,
    "model_size_mb": 13.782035827636719,
    "total_params": 1199713,
    "epochs_trained": 5,
    "best_val_f1": 0.9709334823923981,
    "best_val_accuracy": 0.9738627672195435,
    "final_learning_rate": 0.0005000000237487257
  },
  "Hybrid_CNN_GRU": {
    "model_name": "Hybrid_CNN_GRU",
    "val_accuracy": 0.9736114601658709,
    "val_precision": 0.9720826353992184,
    "val_recall": 0.9693763919821826,
    "val_f1": 0.9707276275439086,
    "test_accuracy": 0.9668258356370948,
    "test_precision": 0.964026770775237,
    "test_recall": 0.9624164810690423,
    "test_f1": 0.9632209529116745,
    "training_time_seconds": 105.37093043327332,
    "model_size_mb": 12.906723022460938,
    "total_params": 1122913,
    "epochs_trained": 5,
    "best_val_f1": 0.9707276275439086,
    "best_val_accuracy": 0.9736114740371704,
    "final_learning_rate": 0.0005000000237487257
  }
}