Model,Val_Accuracy,Val_F1_Score,Val_Precision,Val_Recall,Test_Accuracy,Test_F1_Score,Test_Precision,Test_Recall,Training_Time,Model_Size_MB,Parameters,efficiency_score
Hybrid_CNN_GRU,0.9721035436039206,0.9686529229031349,0.9828080229226361,0.9548997772828508,0.9692133701935159,0.9655172413793104,0.9763734699686877,0.9548997772828508,0.0,12.906723022460938,1122913,0.0743174186422155
LSTM,0.9716009047499372,0.9681779780343565,0.9794871794871794,0.9571269487750557,0.9685850716260367,0.9647490129723633,0.9774285714285714,0.9523942093541202,0.0,13.184593200683594,1147585,0.07270827310833743
GRU,0.9708469464689621,0.967741935483871,0.9666666666666667,0.9688195991091314,0.9680824327720533,0.964741810105497,0.9620708748615725,0.9674276169265034,0.0,13.011741638183594,1132417,0.07365489830069981
CNN1D,0.974365418446846,0.971682398667407,0.9689922480620154,0.9743875278396437,0.9670771550640864,0.9637119113573407,0.9589305402425579,0.9685412026726058,0.0,13.782035827636719,1199713,0.06949423675659817
FastText,0.9572756974114099,0.9516770892552585,0.9721254355400697,0.9320712694877505,0.9579039959788892,0.9527170077628793,0.9662181505868881,0.9395879732739421,0.0,12.571281433105469,1095041,0.07530991315010274
