Model,Test_F1_Score,Test_Accuracy,Model_Size_MB,Training_Time_Sec,F1_per_MB,General_Efficiency,Mobile_Efficiency,Training_Efficiency
FastText,0.9770227983907018,0.9791801685029164,1.2316131591796875,207.82466197013855,0.793287073224717,0.6896816011023101,0.6153565094179505,0.28207127752655825
CNN-1D,0.9866785873938311,0.9879293583927414,1.3128662109375,508.8886332511902,0.7515454196122979,0.6454250713641614,0.5964374105340281,0.11633334166929224
GRU,0.9929650042568446,0.9936406351263772,1.2739486694335938,1622.9751389026642,0.7794387859428619,0.5441825446087144,0.6118572756857276,0.036709065239097165
Hybrid CNN-GRU,0.9913549832026876,0.9921824368114064,1.27593994140625,1874.0802090168,0.7769605378996811,0.5174687705930974,0.6103135134385594,0.031738929158942976
LSTM,0.9885160999774827,0.9896710952689566,1.2845382690429688,1970.7013268470764,0.7695497470184098,0.5037333289753383,0.6054430039117665,0.030096374925337132
