Model,Test_F1_Score,Test_Accuracy,Training_Time,Model_Size_MB,Parameters,efficiency_score
FastText,0.9527170077628793,0.9579039959788892,0.0,12.571281433105469,1095041,0.07530991315010274
Hybrid_CNN_GRU,0.9655172413793104,0.9692133701935159,0.0,12.906723022460938,1122913,0.0743174186422155
GRU,0.964741810105497,0.9680824327720533,0.0,13.011741638183594,1132417,0.07365489830069981
LSTM,0.9647490129723633,0.9685850716260367,0.0,13.184593200683594,1147585,0.07270827310833743
CNN1D,0.9637119113573407,0.9670771550640864,0.0,13.782035827636719,1199713,0.06949423675659817
