Model,Test_Accuracy,Test_F1,Training_Time_s,Parameters,Size_MB,Efficiency_Score
CNN1D,0.96845942735672,0.9684468549001115,59.15000867843628,1407362,16.153839111328125,0.054675893858804066
GRU,0.9648152589797974,0.9648355600544778,410.6087543964386,1319394,15.143119812011719,0.05766469440772079
Hybrid_CNN_GRU,0.9628047347068787,0.9628411497438562,132.505309343338,1315170,15.101890563964844,0.05757261944250434
FastText,0.9568986892700195,0.956902406593226,20.53350329399109,1288386,14.775825500488281,0.058041885579936496
LSTM,0.9513697028160095,0.9511962426649575,486.8530580997467,1331554,15.28265380859375,0.05557689166284746
