model_name,accuracy,f1_score,precision,recall,avg_inference_time_ms,model_size_mb,efficiency,test_samples
Hybrid CNN-GRU (Dynamic Range) - {padding_size},0.96,0.9599415584415585,0.960164139974923,0.96,2.4619321823120117,1.0902938842773438,0.8804965467051998,500
Hybrid CNN-GRU (Float16) - {padding_size},0.962,0.9619545268316032,0.9621044309974625,0.962,1.8832731246948242,2.16162109375,0.4450363677433928,500
Hybrid CNN-GRU (Float32) - {padding_size},0.962,0.9619545268316032,0.9621044309974625,0.962,1.6394600868225098,4.300270080566406,0.22370687933007477,500
