Model,Val_Accuracy,Val_Precision,Val_Recall,Val_F1,Test_Accuracy,Test_Precision,Test_Recall,Test_F1,Best_Val_F1,Best_Val_Accuracy,Training_Time_sec,Size_MB,Parameters,Epochs_Trained,Final_LR,F1_per_MB,F1_per_Param,Training_Efficiency,Val_Test_Diff
Hybrid_CNN_GRU,0.9721035436039206,0.9828080229226361,0.9548997772828508,0.9686529229031349,0.9692133701935159,0.9763734699686877,0.9548997772828508,0.9655172413793104,0.9686529229031349,0.9721035361289978,236.97235941886902,12.906723022460938,1122913,5,0.0010000000474974513,0.07480731086419598,0.8598326329638274,0.244463255650675,0.003135681523824485
LSTM,0.9716009047499372,0.9794871794871794,0.9571269487750557,0.9681779780343565,0.9685850716260367,0.9774285714285714,0.9523942093541202,0.9647490129723633,0.9681779780343565,0.9716008901596069,1043.6888890266418,13.184593200683594,1147585,5,0.0010000000474974513,0.07317245198906425,0.8406776081705174,0.05546187315678532,0.0034289650619931944
GRU,0.9708469464689621,0.9666666666666667,0.9688195991091314,0.967741935483871,0.9680824327720533,0.9620708748615725,0.9674276169265034,0.964741810105497,0.967741935483871,0.970846951007843,1030.3578507900238,13.011741638183594,1132417,5,0.0010000000474974513,0.07414394144396587,0.8519315853660772,0.056179033878323965,0.003000125378374019
CNN1D,0.974365418446846,0.9689922480620154,0.9743875278396437,0.971682398667407,0.9670771550640864,0.9589305402425579,0.9685412026726058,0.9637119113573407,0.971682398667407,0.9743654131889343,102.63156151771545,13.782035827636719,1199713,5,0.0010000000474974513,0.06992522174589308,0.8032853785508206,0.5634009053975032,0.007970487310066332
FastText,0.9572756974114099,0.9721254355400697,0.9320712694877505,0.9516770892552585,0.9579039959788892,0.9662181505868881,0.9395879732739421,0.9527170077628793,0.9516770892552585,0.9572756886482239,21.693949699401855,12.571281433105469,1095041,5,0.0010000000474974513,0.07578519443960381,0.8700286178899962,2.634975246916372,-0.0010399185076207518
