{
  "timestamp": "2025-10-29T10:19:50.167616",
  "rankings": {
    "General Purpose": "FastText",
    "Mobile Deployment": "FastText",
    "Performance Focus": "FastText",
    "Production Ready": "FastText",
    "Best F1/MB Ratio": "FastText",
    "Best F1/Param Ratio": "FastText",
    "Fastest Training": "FastText"
  },
  "top_3_models": {
    "rank_1": {
      "model": "FastText",
      "general_efficiency": 0.6255895543880983,
      "mobile_efficiency": 0.5357304439230469,
      "performance_efficiency": 0.7608299742484466,
      "production_efficiency": 0.625213131655666,
      "f1_per_mb": 0.07578519443960381,
      "test_f1": 0.9527170077628793,
      "size_mb": 12.571281433105469
    },
    "rank_2": {
      "model": "Hybrid_CNN_GRU",
      "general_efficiency": 0.580069545502197,
      "mobile_efficiency": 0.48639545096664105,
      "performance_efficiency": 0.731870300002327,
      "production_efficiency": 0.5687169114984052,
      "f1_per_mb": 0.07480731086419598,
      "test_f1": 0.9655172413793104,
      "size_mb": 12.906723022460938
    },
    "rank_3": {
      "model": "CNN1D",
      "general_efficiency": 0.5795849981104356,
      "mobile_efficiency": 0.4797719787198539,
      "performance_efficiency": 0.7341278067545719,
      "production_efficiency": 0.5747617185521718,
      "f1_per_mb": 0.06992522174589308,
      "test_f1": 0.9637119113573407,
      "size_mb": 13.782035827636719
    }
  },
  "efficiency_weights": {
    "general": {
      "f1": 0.4,
      "size": 0.25,
      "speed": 0.2,
      "params": 0.15
    },
    "mobile": {
      "f1": 0.3,
      "size": 0.4,
      "speed": 0.2,
      "params": 0.1
    },
    "performance": {
      "f1": 0.6,
      "size": 0.15,
      "speed": 0.15,
      "params": 0.1
    },
    "production": {
      "f1": 0.35,
      "size": 0.25,
      "speed": 0.25,
      "params": 0.15
    }
  }
}