Model,Test_Accuracy,Test_F1,Training_Time_sec,Size_MB,Parameters,Epochs_Trained
CNN1D,0.9680824327720533,0.9643158190502952,37.58103966712952,12.82525634765625,1116577,5
GRU,0.9677054536315657,0.9639095632635866,216.61709451675415,12.907638549804688,1124033,5
Hybrid_CNN_GRU,0.964061321940186,0.9601560323209807,186.55385994911194,12.906578063964844,1122913,5
LSTM,0.9610454888162855,0.9568124825856784,218.79382395744324,13.045219421386719,1136193,5
FastText,0.9432018094998743,0.935243553008596,17.92595863342285,12.572479248046875,1095041,5
