Model,Test_F1,Test_Accuracy,Test_Precision,Test_Recall,AUC,Size_KB,Size_MB,Parameters,Training_Time_sec,FNR,Specificity,F1_per_MB,F1_per_Param,Training_Efficiency,General_Efficiency
GRU,0.9929650042568446,0.9936406351263772,0.9919427036705462,0.9939894141921594,0.9994312135188614,1304.5234375,1.2739486694335938,1321473,1622.9751389026642,0.006010585807840674,0.993353518942471,0.7794387859428619,0.7514077126485708,0.036709065239097165,0.46182733853092384
Hybrid CNN-GRU,0.9913549832026876,0.9921824368114064,0.9899803184827339,0.9927334708890284,0.999184873093274,1306.5625,1.27593994140625,1318241,1874.0802090168,0.007266529110971562,0.9917288235728529,0.7769605378996811,0.7520286375576906,0.031738929158942976,0.42249800421202377
LSTM,0.9885160999774827,0.9896710952689566,0.9924941219026949,0.9845698394186777,0.9982216722903566,1315.3671875,1.2845382690429688,1333633,1970.7013268470764,0.015430160581322329,0.9938704674691677,0.7695497470184098,0.7412204856789556,0.030096374925337132,0.40468098240494116
CNN-1D,0.9866785873938311,0.9879293583927414,0.983337788470106,0.9900421638108908,0.9992387482604439,1344.375,1.3128662109375,1370369,508.8886332511902,0.009957836189109177,0.9861900893582454,0.7515454196122979,0.7200094189184308,0.11633334166929224,0.6199994659373238
FastText,0.9770227983907018,0.9791801685029164,0.9737146930410764,0.9803534583295954,0.9984427214652467,1261.171875,1.2316131591796875,1288321,207.82466197013855,0.019646541670404593,0.9782143120892105,0.793287073224717,0.7583690698131147,0.28207127752655825,0.6805077213439329
