,accuracy,precision,recall,f1_score,auc,true_negative,false_positive,false_negative,true_positive,specificity,false_negative_rate,train_time_sec,model_size_kb,inference_time_ms,total_params,epochs_trained,best_val_accuracy,best_val_loss
FastText,0.9791801685029164,0.9737146930410764,0.9803534583295954,0.9770227983907018,0.9984427214652467,13246.0,295.0,219.0,10928.0,0.9782143120892105,0.019646541670404593,207.82466197013855,1261.171875,0.05002737045288086,1288321.0,10.0,0.9780460000038147,0.06231848523020744
CNN-1D,0.9879293583927414,0.983337788470106,0.9900421638108908,0.9866785873938311,0.9992387482604439,13354.0,187.0,111.0,11036.0,0.9861900893582454,0.009957836189109177,508.8886332511902,1344.375,4.2827630043029785,1370369.0,8.0,0.9880103468894958,0.04734361171722412
LSTM,0.9896710952689566,0.9924941219026949,0.9845698394186777,0.9885160999774827,0.9982216722903566,13458.0,83.0,172.0,10975.0,0.9938704674691677,0.015430160581322329,1970.7013268470764,1315.3671875,4.359073638916016,1333633.0,10.0,0.9876053333282471,0.03942844271659851
GRU,0.9936406351263772,0.9919427036705462,0.9939894141921594,0.9929650042568446,0.9994312135188614,13451.0,90.0,67.0,11080.0,0.993353518942471,0.006010585807840674,1622.9751389026642,1304.5234375,11.700892448425293,1321473.0,10.0,0.991736888885498,0.03228335082530975
Hybrid CNN-GRU,0.9921824368114064,0.9899803184827339,0.9927334708890284,0.9913549832026876,0.999184873093274,13429.0,112.0,81.0,11066.0,0.9917288235728529,0.007266529110971562,1874.0802090168,1306.5625,3.629744052886963,1318241.0,10.0,0.9906027317047119,0.03439457714557648
